#,Job_ID,Reserved,TotalSiteEnergy
0,Job603,,538287.63
1,Job619,,538247
2,Job608,,538246.66
3,Job602,,538179.42
4,Job609,,538246.77
5,Job614,,538246.71
6,Job616,,538239.22
7,Job607,,538291.29
8,Job620,,538246.6
9,Job610,,538321.25
10,Job615,,538246.71
11,Job611,,538181.07
12,Job613,,538246.92
13,Job612,,538246.53
14,Job605,,538248.14
15,Job601,,538248.14
16,Job606,,538216.31
17,Job604,,538245.3
18,Job617,,538258.43
19,Job618,,538246.47
20,Job621,,538246.82
21,Job622,,538246.71
22,Job623,,538246.71
23,Job626,,538246.63
24,Job624,,538226.78
25,Job625,,538259.16
26,Job628,,538226.78
27,Job630,,538246.63
28,Job634,,538246.66
29,Job629,,538259.16
30,Job635,,538246.76
31,Job632,,538238.77
32,Job631,,538246.79
33,Job637,,537987.73
34,Job640,,538246.71
35,Job636,,538588.75
36,Job627,,538246.79
37,Job638,,538245.71
38,Job639,,538247.16
39,Job633,,538258.36
40,Job641,,538246.71
41,Job642,,538229.59
42,Job643,,538272.95
43,Job657,,538246.8
44,Job645,,538247.25
45,Job644,,538245.84
46,Job647,,538247.05
47,Job646,,538246.21
48,Job648,,538246.71
49,Job651,,538368.86
50,Job649,,538246.71
51,Job650,,538028.52
52,Job656,,538246.62
53,Job662,,538246.71
54,Job660,,538244.39
55,Job661,,538249.1
56,Job655,,540153.6
57,Job663,,538246.71
58,Job659,,537928.05
59,Job658,,538611.79
60,Job654,,536940.15
61,Job653,,538253.82
62,Job652,,538236.1
63,Job664,,538224.13
64,Job665,,538281.96
65,Job666,,538244.97
66,Job680,,538209.4
67,Job679,,538247.67
68,Job683,,538246.77
69,Job678,,538245.78
70,Job682,,538246.66
71,Job669,,538247.67
72,Job681,,538301.31
73,Job667,,538248.45
74,Job668,,538245.78
75,Job673,,538302
76,Job671,,538246.71
77,Job670,,538246.71
78,Job676,,538157.27
79,Job672,,538157.27
80,Job674,,538245.78
81,Job675,,538247.67
82,Job677,,538302
83,Job684,,538427.58
84,Job685,,538076.38
85,Job686,,538245.05
86,Job690,,538237.99
87,Job689,,538246.71
88,Job691,,538260.27
89,Job688,,538246.71
90,Job687,,538248.34
91,Job693,,538247.56
92,Job692,,538245.85
93,Job695,,538247.16
94,Job694,,538246.25
95,Job696,,538246.71
96,Job697,,538246.71
97,Job698,,538212.79
98,Job700,,538246
99,Job699,,538267.71
100,Job702,,538212.79
101,Job701,,538247.36
102,Job703,,538267.71
103,Job704,,538246
104,Job705,,538247.36
105,Job706,,538231.79
106,Job708,,538246.66
107,Job707,,538268.48
108,Job709,,538246.76
109,Job711,,538136.43
110,Job710,,538293.52
111,Job712,,538245.44
112,Job713,,538246.64
113,Job714,,538246.71
114,Job716,,538220.7
115,Job715,,538246.71
116,Job717,,538282.58
117,Job719,,538246.77
118,Job720,,538246.55
119,Job718,,538246.73
120,Job722,,538246.71
121,Job721,,538246.96
122,Job723,,538246.71
123,Job724,,538159.38
124,Job725,,538300.68
125,Job726,,538246.86
126,Job732,,538315.11
127,Job736,,538246.71
128,Job733,,538185.84
129,Job734,,538246.59
130,Job737,,538246.71
131,Job728,,538237.1
132,Job727,,538246.57
133,Job735,,538246.81
134,Job729,,538260.8
135,Job730,,538246.64
136,Job731,,538246.79
137,Job739,,538261.94
138,Job738,,538236.9
139,Job740,,538246.44
140,Job742,,538246.59
141,Job741,,538246.97
142,Job743,,538246.81
143,Job744,,538246.71
144,Job764,,538227.26
145,Job745,,538246.71
146,Job746,,538226.92
147,Job747,,538259.01
148,Job748,,538246.67
149,Job749,,538246.73
150,Job751,,538259.01
151,Job750,,538226.92
152,Job753,,538246.73
153,Job754,,538238.94
154,Job755,,538257.91
155,Job752,,538246.67
156,Job756,,538246.67
157,Job757,,538246.76
158,Job759,,538210.8
159,Job762,,538246.71
160,Job758,,538284.16
161,Job760,,538246.71
162,Job763,,538246.71
163,Job761,,538246.72
164,Job765,,538276.91
165,Job776,,538233.33
166,Job778,,538246.71
167,Job777,,538255.02
168,Job766,,538246.72
169,Job767,,538246.68
170,Job768,,538246.71
171,Job769,,538246.72
172,Job770,,538246.71
173,Job771,,538246.71
174,Job772,,538233.33
175,Job773,,538255.02
176,Job774,,538246.71
177,Job775,,538246.72
178,Job780,,538241.43
179,Job781,,538254.45
180,Job779,,538246.72
181,Job783,,538246.78
182,Job782,,538246.65
183,Job784,,538339.63
184,Job785,,538105.35
185,Job786,,538247.25
186,Job787,,538246.63
187,Job788,,538246.71
188,Job790,,538204.39
189,Job791,,538318.45
190,Job789,,538246.71
191,Job792,,538242.65
192,Job793,,538252
193,Job794,,538244.35
194,Job796,,538246.71
195,Job795,,538247.16
196,Job797,,538246.71
197,Job798,,538077.25
198,Job809,,538246.72
199,Job799,,538347.89
200,Job801,,538246.43
201,Job802,,538228.65
202,Job804,,538246.64
203,Job803,,538272.93
204,Job800,,538246.33
205,Job805,,538246.79
206,Job806,,538286.78
207,Job807,,538208.05
208,Job808,,538246.74
209,Job810,,538246.71
210,Job811,,538246.71
211,Job812,,538224.66
212,Job814,,538246.76
213,Job813,,538280.37
214,Job817,,538246.71
215,Job816,,538246.75
216,Job818,,538246.71
217,Job815,,538246.7
218,Job825,,538255.99
219,Job819,,538246.71
220,Job820,,538231.8
221,Job823,,538246.71
222,Job821,,538255.99
223,Job822,,538246.71
224,Job824,,538231.8
225,Job826,,538246.71
226,Job827,,538246.71
227,Job828,,538240.87
228,Job829,,538255.28
229,Job830,,538246.65
230,Job831,,538246.78
231,Job832,,538969.23
232,Job837,,538246.71
233,Job838,,538219.71
234,Job833,,537595.08
235,Job834,,538240.88
236,Job835,,538252.54
237,Job836,,538246.71
238,Job839,,538289.04
239,Job840,,538245.03
240,Job841,,538248.42
241,Job842,,538245.81
242,Job843,,538247.62
243,Job845,,538246.71
244,Job844,,538246.71
245,Job846,,538107.63
246,Job847,,538333.34
247,Job849,,538249.07
248,Job848,,538244.36
249,Job850,,538107.63
250,Job855,,538336.21
251,Job856,,538246.66
252,Job851,,538333.34
253,Job852,,538244.36
254,Job853,,538249.07
255,Job854,,538185.55
256,Job857,,538246.77
257,Job858,,538590.09
258,Job859,,537957.51
259,Job864,,538221.27
260,Job862,,538246.71
261,Job863,,538246.71
262,Job865,,538285.87
263,Job860,,538245.8
264,Job861,,538247.72
265,Job866,,538245.6
266,Job867,,538247.92
267,Job868,,538246.15
268,Job869,,538247.27
269,Job870,,538246.71
270,Job871,,538246.71
271,Job872,,538135.41
272,Job873,,538314.2
273,Job874,,538246.34
274,Job875,,538247.22
275,Job876,,538135.41
276,Job877,,538314.2
277,Job878,,538246.34
278,Job879,,538247.22
279,Job880,,538203.18
280,Job881,,538310.29
281,Job882,,538246.66
282,Job883,,538246.77
283,Job884,,538341.42
284,Job885,,538160.57
285,Job886,,538246.6
286,Job887,,538246.85
287,Job888,,538246.71
288,Job889,,538246.71
289,Job890,,538229.89
290,Job892,,538246.43
291,Job891,,538272.17
292,Job893,,538247.03
293,Job894,,538246.59
294,Job895,,538246.86
295,Job896,,538246.71
296,Job897,,538246.71
297,Job898,,538230.14
298,Job899,,538257.02
299,Job907,,538247.1
300,Job908,,538246.71
301,Job909,,538246.71
302,Job901,,538246.77
303,Job900,,538246.66
304,Job902,,538246.63
305,Job904,,538368.9
306,Job903,,538246.8
307,Job905,,538123.66
308,Job906,,538245.78
309,Job910,,538223.62
310,Job912,,538245.8
311,Job911,,538279.91
312,Job913,,538246.9
313,Job914,,538245.91
314,Job915,,538246.8
315,Job916,,538246.71
316,Job917,,538246.71
317,Job918,,538224.6
318,Job919,,538258.61
319,Job920,,538245.95
320,Job921,,538246.72
321,Job922,,538246.63
322,Job929,,538246.71
323,Job923,,538246.8
324,Job924,,538615.71
325,Job925,,537930.36
326,Job926,,538246.08
327,Job927,,538247.32
328,Job928,,538246.71
329,Job930,,538207.46
330,Job931,,538307.19
331,Job932,,538245.64
332,Job933,,538247.72
333,Job934,,538246.14
334,Job935,,538247.25
335,Job936,,538246.71
336,Job937,,538246.71
337,Job938,,538120.74
338,Job939,,538323.28
339,Job940,,538246.49
340,Job941,,538246.95
341,Job942,,538120.74
342,Job943,,538323.28
343,Job945,,538246.95
344,Job944,,538246.49
345,Job946,,538197.65
346,Job948,,538246.65
347,Job947,,538318.24
348,Job949,,538246.77
349,Job950,,538253.76
350,Job951,,538239.81
351,Job952,,538246.71
352,Job953,,538246.72
353,Job955,,538246.71
354,Job954,,538246.71
355,Job956,,538243.5
356,Job957,,538251.68
357,Job958,,538246.71
358,Job959,,538246.7
359,Job960,,538246.71
360,Job961,,538246.72
361,Job962,,538246.71
362,Job963,,538246.71
363,Job964,,538244.51
364,Job966,,538246.71
365,Job965,,538248.08
366,Job967,,538246.72
367,Job968,,538244.51
368,Job969,,538248.08
369,Job971,,538246.72
370,Job972,,538245.81
371,Job970,,538246.71
372,Job973,,538248.03
373,Job974,,538246.64
374,Job975,,538246.78
375,Job976,,538275.89
376,Job977,,538219.25
377,Job978,,538246.66
378,Job979,,538246.77
379,Job980,,538246.71
380,Job981,,538246.71
381,Job982,,538241.5
382,Job984,,538246.59
383,Job983,,538254.85
384,Job985,,538246.84
385,Job986,,538246.66
386,Job987,,538246.77
387,Job988,,538246.71
388,Job989,,538246.71
389,Job996,,538271.03
390,Job997,,538223.6
391,Job998,,538246.68
392,Job990,,538241.61
393,Job991,,538249.91
394,Job992,,538246.69
395,Job993,,538246.74
396,Job994,,538246.63
397,Job995,,538246.8
398,Job999,,538246.75
399,Job1000,,538246.71
400,Job1001,,538246.71
401,Job1002,,538242.18
402,Job1029,,538246.71
403,Job1030,,538159.62
404,Job1003,,538253.8
405,Job1005,,538246.8
406,Job1006,,538246.68
407,Job1007,,538246.75
408,Job1004,,538246.63
409,Job1008,,538246.71
410,Job1009,,538246.71
411,Job1010,,538242.25
412,Job1011,,538249.51
413,Job1012,,538246.7
414,Job1013,,538246.73
415,Job1018,,538242.24
416,Job1019,,538251.19
417,Job1024,,538244.56
418,Job1025,,538248.87
419,Job1016,,538745.35
420,Job1017,,537780.2
421,Job1021,,538246.71
422,Job1015,,538246.8
423,Job1026,,538245.59
424,Job1022,,538225.57
425,Job1020,,538246.71
426,Job1014,,538246.63
427,Job1027,,538247.84
428,Job1023,,538279.57
429,Job1028,,538246.71
430,Job1031,,538300.85
431,Job1032,,538244.85
432,Job1033,,538248.58
433,Job1034,,538159.62
434,Job1042,,538616.19
435,Job1043,,537917.43
436,Job1065,,538292.67
437,Job1066,,538246.66
438,Job1037,,538248.58
439,Job1038,,538206.98
440,Job1035,,538300.85
441,Job1036,,538244.85
442,Job1039,,538305.11
443,Job1040,,538246.66
444,Job1041,,538246.77
445,Job1044,,538244.06
446,Job1045,,538249.38
447,Job1047,,538246.71
448,Job1046,,538246.71
449,Job1048,,538228.16
450,Job1052,,538245.87
451,Job1050,,538245.04
452,Job1049,,538275.6
453,Job1055,,538246.71
454,Job1054,,538246.71
455,Job1053,,538247.56
456,Job1057,,538290.91
457,Job1056,,538175.8
458,Job1059,,538247.8
459,Job1058,,538245.64
460,Job1060,,538175.8
461,Job1051,,538248.39
462,Job1068,,538616.05
463,Job1061,,538290.91
464,Job1062,,538245.64
465,Job1063,,538247.8
466,Job1064,,538215.27
467,Job1076,,538245.04
468,Job1077,,538248.39
469,Job1091,,538292.33
470,Job1092,,538246.66
471,Job1096,,538243.94
472,Job1067,,538246.77
473,Job1097,,538249.5
474,Job1069,,537911.19
475,Job1070,,538243.89
476,Job1071,,538249.54
477,Job1072,,538246.71
478,Job1073,,538246.71
479,Job1074,,538229.13
480,Job1075,,538274.03
481,Job1098,,538246.71
482,Job1080,,538246.71
483,Job1081,,538246.71
484,Job1078,,538245.88
485,Job1083,,538289.61
486,Job1082,,538177.74
487,Job1079,,538247.55
488,Job1085,,538247.87
489,Job1088,,538245.57
490,Job1086,,538177.74
491,Job1087,,538289.61
492,Job1084,,538245.57
493,Job1089,,538247.87
494,Job1090,,538215.62
495,Job1099,,538246.71
496,Job1094,,538629.1
497,Job1093,,538246.77
498,Job1095,,537909.13
499,Job1100,,538226.51
500,Job1101,,538278.43
501,Job1103,,538248.6
502,Job1102,,538244.85
503,Job1104,,538245.78
504,Job1105,,538247.65
505,Job1107,,538246.71
506,Job1106,,538246.71
507,Job1108,,538171.84
508,Job1109,,538293.44
509,Job1110,,538245.57
510,Job1111,,538247.86
511,Job1119,,538246.77
512,Job1120,,538623.28
513,Job1121,,537910.64
514,Job1124,,538246.71
515,Job1123,,538249.87
516,Job1125,,538246.71
517,Job1122,,538243.57
518,Job1126,,538225.06
519,Job1112,,538171.84
520,Job1127,,538279.82
521,Job1128,,538244.35
522,Job1113,,538293.44
523,Job1114,,538245.57
524,Job1118,,538246.66
525,Job1129,,538249.09
526,Job1115,,538247.86
527,Job1117,,538294.74
528,Job1116,,538213.89
529,Job1130,,538245.57
530,Job1131,,538247.86
531,Job1155,,538246.81
532,Job1156,,538246.68
533,Job1132,,538246.71
534,Job1158,,538246.71
535,Job1157,,538246.75
536,Job1133,,538246.71
537,Job1159,,538246.71
538,Job1160,,538243.62
539,Job1161,,538248.64
540,Job1134,,538175.75
541,Job1136,,538245.38
542,Job1135,,538290.98
543,Job1138,,538175.75
544,Job1140,,538245.38
545,Job1137,,538248.06
546,Job1141,,538248.06
547,Job1139,,538290.98
548,Job1144,,538246.66
549,Job1149,,538246.74
550,Job1147,,538236.35
551,Job1142,,538215.27
552,Job1148,,538246.68
553,Job1143,,538292.67
554,Job1150,,538246.71
555,Job1145,,538246.77
556,Job1146,,538257.83
557,Job1151,,538246.71
558,Job1152,,538242.2
559,Job1154,,538246.63
560,Job1153,,538253.73
561,Job1162,,538246.7
562,Job1163,,538246.73
563,Job1164,,538243.62
564,Job1165,,538248.64
565,Job1166,,538246.7
566,Job1168,,538245.46
567,Job1167,,538246.73
568,Job1170,,538246.66
569,Job1169,,538248.55
570,Job1171,,538246.77
571,Job1183,,538246.8
572,Job1186,,538232.77
573,Job1185,,538246.71
574,Job1172,,538289.8
575,Job1184,,538246.71
576,Job1187,,538255.36
577,Job1173,,538206.67
578,Job1174,,538246.65
579,Job1191,,538255.36
580,Job1175,,538246.78
581,Job1176,,538246.71
582,Job1177,,538246.71
583,Job1178,,538226.45
584,Job1179,,538278.26
585,Job1180,,538246.52
586,Job1182,,538246.63
587,Job1181,,538246.92
588,Job1188,,538246.68
589,Job1189,,538246.75
590,Job1190,,538232.77
591,Job1193,,538246.75
592,Job1194,,538241.25
593,Job1196,,538246.66
594,Job1195,,538254.7
595,Job1197,,538246.77
596,Job1192,,538246.68
597,Job1198,,538516.31
598,Job1200,,538244.71
599,Job1199,,538007.55
